# mi_user
insert into mi_user values('jinzzam@namol.ppam', '123', '박유진');
insert into mi_user values('namolppam@pocket.mon', '1234', '나몰빼미');
insert into mi_user values('wapthehack@hackathon.kon', '123', 'WAP THE HACK');
insert into mi_user values('han@hain.dev', '123', '한가인');
insert into mi_user values('hyoju@gyoju.devil', '123', '한효주');
insert into mi_user values('dokdo@woorittang.kanna', '123', '독도는 우리땅');
insert into mi_user values('jijiji@bebe.com', '123', '소녀시대GEE');
insert into mi_user values('kang12@tuna.fish', '123', '강동원');
insert into mi_user values('jun@beauty.com', '123', '전지현');
insert into mi_user values('nana@sarang.boo', '124', '김사랑');
insert into mi_user values('ya@esaeki.ya', '123', '김우빈');
insert into mi_user values('baby@boy.com', '123', '마동석');
insert into mi_user values('wooo@jiii.hooo', '123', '우지호');
insert into mi_user values('yaho@man.se', '13', '김태희');
insert into mi_user values('you@pretty.good', '1331', '김유정');
insert into mi_user values('ayo@man.ssup', '123', '유소현');
insert into mi_user values('nana@irin.vel', '123', '배주현');
insert into mi_user values('jenjen@gaga.game', 'sdv', '김제니');

# music_template
insert into music_template values(NULL, 'namolppam@pocket.mon', '나몰나몰송', '나몰빼미', '나몰나몰송은 포켓몬 나몰빼미들이 자주 부르는 노래이며 포켓몬들 사이에서도 인기가 만점입니다. 포켓몬에게 관심을 받고 싶나요? 그렇다면 누구보다도 나몰빼미처럼 이 곡을 연주해보세요.');



insert into music_template values(NULL, 'yaho@man.se', '놀람 교향곡', '김태희', '안녕하세요, 김태희입니다.
  놀람교향곡은 베토벤이 작곡한 곡으로, 베토벤이 청중들의 관심을 이끌기 위해 중간중간 갑자기 크고 강하게 연주하는 부분이 많았습니다.
  저도 그 베토벤의 연주를 이어받아 강하게 연주해봤습니다.
  여러분, 연습하실 때, 주위에 졸고 있는 청중들이 있다고 생각해봐요.
  멋진 실력으로 깨워주고 싶죠?
  그 마음으로 완주까지 화이팅!');
insert into music_template values(NULL, 'kang12@tuna.fish', '캐논 락버전', '강동원', '기존의 캐논을 락버전으로 리메이크했습니다.
  반복되는 부분이 많아 연습하기 쉬울 겁니다.
  연주는 흥겹고 신나게!');
insert into music_template values(NULL, 'baby@boy.com', '진짜 사나이', '마동석', '사나이는 사나이답게!
  안녕하세요, 마동석쌤입니다.
  진짜 사나이 주제곡을 들고와봤습니다.
  다들 한 번 씩은 들어본 곡일텐데요, 제가 연주한 버전은 좀 더 강하고 빠른 리듬으로 연주해봤습니다.
  즐겁고 힘찬 연습 되세요!');

# music_template_guide
insert into music_template_guide values(1, '00:01:21', '세심하고 여린느낌으로');
insert into music_template_guide values(1, '00:02:09', '통통 튀는 스타카토');
insert into music_template_guide values(1, '00:03:49', '경쾌하게~');
insert into music_template_guide values(2, '00:00:01', '깨끗하게 밝게 자신있게');
insert into music_template_guide values(2, '00:00:49', '힘차게!');
insert into music_template_guide values(2, '00:01:24', '조용조용 여리게');
insert into music_template_guide values(2, '00:02:39', '강하고 경쾌하게');
insert into music_template_guide values(3, '00:01:04', '반복 시작');
insert into music_template_guide values(3, '00:01:47', '아주 빠르게');
insert into music_template_guide values(3, '00:03:27', '조금 여리게');
insert into music_template_guide values(4, '00:00:01', '출발은 힘차게!!');
insert into music_template_guide values(4, '00:00:56', '박력있게 끊어서 연주');
insert into music_template_guide values(4, '00:01:39', '조금 빠르고 조금 강하게');
insert into music_template_guide values(4, '00:03:13', '웅장하게');

# music_template_practice
insert into music_template_practice values(1, 1, 'wapthehack@hackathon.kon', 'namolnamolsong.mp3', 1, 89);
insert into music_template_practice values(2, 1, 'wapthehack@hackathon.kon', 'namolnamolsong.mp3', 1, 76);
insert into music_template_practice values(3, 1, 'wapthehack@hackathon.kon', 'namolnamolsong.mp3', 0, 0);
insert into music_template_practice values(4, 1, 'wapthehack@hackathon.kon', 'namolnamolsong.mp3', 0, 0);
insert into music_template_practice values(5, 1, 'wapthehack@hackathon.kon', 'namolnamolsong.mp3', 0, 0);
insert into music_template_practice values(6, 1, 'wapthehack@hackathon.kon', 'namolnamolsong.mp3', 0, 0);
insert into music_template_practice values(7, 1, 'wapthehack@hackathon.kon', 'namolnamolsong.mp3', 0, 0);
insert into music_template_practice values(8, 1, 'wapthehack@hackathon.kon', 'namolnamolsong.mp3', 0, 0);
insert into music_template_practice values(9, 1, 'wapthehack@hackathon.kon', 'namolnamolsong.mp3', 0, 0);
insert into music_template_practice values(10, 1, 'wapthehack@hackathon.kon', 'namolnamolsong.mp3', 0, 0);

insert into music_template_practice values(1, 2, 'wapthehack@hackathon.kon', 'surprise.mp3', 1, 63);
insert into music_template_practice values(2, 2, 'wapthehack@hackathon.kon', 'surprise.mp3', 1, 75);
insert into music_template_practice values(3, 2, 'wapthehack@hackathon.kon', 'surprise.mp3', 1, 80);
insert into music_template_practice values(4, 2, 'wapthehack@hackathon.kon', 'surprise.mp3', 1, 82);
insert into music_template_practice values(5, 2, 'wapthehack@hackathon.kon', 'surprise.mp3', 1, 98);
insert into music_template_practice values(6, 2, 'wapthehack@hackathon.kon', 'surprise.mp3', 0, 0);
insert into music_template_practice values(7, 2, 'wapthehack@hackathon.kon', 'surprise.mp3', 0, 0);
insert into music_template_practice values(8, 2, 'wapthehack@hackathon.kon', 'surprise.mp3', 0, 0);
insert into music_template_practice values(9, 2, 'wapthehack@hackathon.kon', 'surprise.mp3', 0, 0);
insert into music_template_practice values(10, 2, 'wapthehack@hackathon.kon', 'surprise.mp3', 0, 0);

insert into music_template_practice values(1, 3, 'wapthehack@hackathon.kon', 'canonrock.mp3', 1, 74);
insert into music_template_practice values(2, 3, 'wapthehack@hackathon.kon', 'canonrock.mp3', 0, 0);
insert into music_template_practice values(3, 3, 'wapthehack@hackathon.kon', 'canonrock.mp3', 0, 0);
insert into music_template_practice values(4, 3, 'wapthehack@hackathon.kon', 'canonrock.mp3', 0, 0);
insert into music_template_practice values(5, 3, 'wapthehack@hackathon.kon', 'canonrock.mp3', 0, 0);
insert into music_template_practice values(6, 3, 'wapthehack@hackathon.kon', 'canonrock.mp3', 0, 0);
insert into music_template_practice values(7, 3, 'wapthehack@hackathon.kon', 'canonrock.mp3', 0, 0);
insert into music_template_practice values(8, 3, 'wapthehack@hackathon.kon', 'canonrock.mp3', 0, 0);
insert into music_template_practice values(9, 3, 'wapthehack@hackathon.kon', 'canonrock.mp3', 0, 0);
insert into music_template_practice values(10, 3, 'wapthehack@hackathon.kon', 'canonrock.mp3', 0, 0);

insert into music_template_practice values(1, 4, 'wapthehack@hackathon.kon', 'realman.mp3', 0, 0);
insert into music_template_practice values(2, 4, 'wapthehack@hackathon.kon', 'realman.mp3', 0, 0);
insert into music_template_practice values(3, 4, 'wapthehack@hackathon.kon', 'realman.mp3', 0, 0);
insert into music_template_practice values(4, 4, 'wapthehack@hackathon.kon', 'realman.mp3', 0, 0);
insert into music_template_practice values(5, 4, 'wapthehack@hackathon.kon', 'realman.mp3', 0, 0);
insert into music_template_practice values(6, 4, 'wapthehack@hackathon.kon', 'realman.mp3', 0, 0);
insert into music_template_practice values(7, 4, 'wapthehack@hackathon.kon', 'realman.mp3', 0, 0);
insert into music_template_practice values(8, 4, 'wapthehack@hackathon.kon', 'realman.mp3', 0, 0);
insert into music_template_practice values(9, 4, 'wapthehack@hackathon.kon', 'realman.mp3', 0, 0);
insert into music_template_practice values(10, 4, 'wapthehack@hackathon.kon', 'realman.mp3', 0, 0);

# mi_notification
insert into mi_notification values(1, 4, NULL, 'teacher', '선생님이 과제를 등록하였습니다.');
insert into mi_notification values(2, 3, NULL, 'teacher', '선생님이 과제를 등록하였습니다.');
insert into mi_notification values(3, 1, NULL, 'app', '과제 제출기한이 3일 남았습니다.');
insert into mi_notification values(4, 2, NULL, 'teacher', '선생님이 피드백을 남겼습니다.');
insert into mi_notification values(5, 3, NULL, 'app', '과제 제출기한이 7일 연기되었습니다.');

# music_template_assignment
insert into music_template_assignment values('namolnamolsong.mp3', 1, 'wapthehack@hackathon.kon', 10, 2, 80);
insert into music_template_assignment values('surprise.mp3', 2, 'wapthehack@hackathon.kon', 10, 5, 98);
insert into music_template_assignment values('canonrock.mp3', 3, 'wapthehack@hackathon.kon', 10, 1, 74);
insert into music_template_assignment values('realman.mp3', 4, 'wapthehack@hackathon.kon', 10, 0, 0);

# music_template_wrong
insert into music_template_wrong values(1, 1, 'namolppam@pocket.mon', '00:00:30', '', '음이 틀렸습니다. 솔 -> 라' );
insert into music_template_wrong values(1, 1, 'namolppam@pocket.mon', '00:01:02', '00:01:18', '크레센도 느낌을 살려주세요.' );
insert into music_template_wrong values(1, 1, 'namolppam@pocket.mon', '00:02:54', '', '음을 살짝 끊어주세요.' );
insert into music_template_wrong values(1, 2, 'namolppam@pocket.mon', '00:01:35', '00:01:50', '박자가 느립니다.' );
insert into music_template_wrong values(1, 2, 'namolppam@pocket.mon', '00:02:07', '', '음이 틀렸습니다. 파 -> 파#' );

# mi_file
insert into mi_file values('namolppam@pocket.mon', 'namolnamolsong.mp3', '/storage/self/primary/Music/나몰나몰송/1/namolnamolsong.mp3');
insert into mi_file values('yaho@man.se', 'surprise.mp3', '/storage/self/primary/Music/놀람교향곡/2/surprise.mp3');
insert into mi_file values('baby@boy.com', 'realman.mp3', '/storage/self/primary/Music/진짜사나이/3/realman.mp3');
insert into mi_file values('kang12@tuna.fish', 'canonrock.mp3', '/storage/self/primary/Music/캐논락버전/4/canonrock.mp3');


# mi_group
insert into mi_group values('피아노리브레 강남센터',
  '강남구 역삼1동 818-5 혜진빌딩 3',
  '모든 임직원들이 음악을 전공한 전문가들이며 격이 다른 커리큘럼으로 레슨만 받아도 실력이 향샹되는 검증된 교육시스템을 갖추고 있습니다.',
  '플룻, 리코더, 바이올린',
  '오케스트라, 클래식, 관악, 현악'
);

insert into mi_group values('SMMA아카데미',
  '노원구 하계2동 270',
  '현재 필드에서 활발히 활동하고 있는 강사 100명과 SMMA ACADEMY의 최적의 교육프로그램과 환경을 수강생분들에게 제공하고 있습니다.',
  '일렉기타, 트럼펫',
  '펑크 락, 관악, 현대음악, 최신음악'
);

insert into mi_group values('위드피아노 위례센터',
  '경기도 성남시 수정구 위례광장로 320',
  '실력 수준에 맞는 눈높이 교육으로 교육생의 부담을 덜고 흥미를 불러일으키는 다양한 최신 곡으로 피아노를 즐겁게 배웁니다.',
  '피아노',
  '클래식, 오케스트라'
);

insert into mi_group values('PMC 실용음악학원',
  '경기도 군포시 번영로 492 명산빌딩 4층',
  '실용음악 TOP 5 명문대 출신 전문 강사진 학원 경력 10년 이상의 베테랑 강사진과 다양한 커리큘럼이 준비되어 있습니다.',
  '바이올린, 기타, 첼로, 하프',
  '현악, 클래식, 현대음악'
);

insert into mi_group values('브레인기타학원',
  '경기도 군포시 번영로 508 신산빌딩 6층',
  '현재 필드에서 활동하는 전문 강사와 매칭 ! 입시 합격률 100%를 자랑하는 입시 전문 강사 초빙 !',
  '단소, 소금, 피아노, 바이올린, 첼로, 바순, 색소폰, 플룻, 리코더',
  '클래식, 캐주얼, 재즈'
);

# mi_teacher
insert into mi_teacher values('namolppam@pocket.mon', '피아노리브레 강남센터');
insert into mi_teacher values('kang12@tuna.fish', '피아노리브레 강남센터');
insert into mi_teacher values('baby@boy.com', '피아노리브레 강남센터');

insert into mi_teacher values('ayo@man.ssup', 'SMMA아카데미');
insert into mi_teacher values('hyoju@gyoju.devil', 'SMMA아카데미');
insert into mi_teacher values('yaho@man.se', 'SMMA아카데미');

insert into mi_teacher values('dokdo@woorittang.kanna', '위드피아노 위례센터');
insert into mi_teacher values('jenjen@gaga.game', '위드피아노 위례센터');

insert into mi_teacher values('wapthehack@hackathon.kon', 'PMC 실용음악학원');
insert into mi_teacher values('yaho@man.se', 'PMC 실용음악학원');

insert into mi_teacher values('jun@beauty.com', '브레인기타학원');
insert into mi_teacher values('nana@sarang.boo', '브레인기타학원');

# mi_student
insert into mi_student values('jinzzam@namol.ppam', '피아노리브레 강남센터');
insert into mi_student values('han@hain.dev', '피아노리브레 강남센터');
insert into mi_student values('wooo@jiii.hooo', '피아노리브레 강남센터');
insert into mi_student values('wapthehack@hackathon.kon', '피아노리브레 강남센터');

insert into mi_student values('you@pretty.good', 'SMMA아카데미');
insert into mi_student values('namolppam@pocket.mon', 'SMMA아카데미');

insert into mi_student values('nana@irin.vel', '위드피아노 위례센터');
insert into mi_student values('jijiji@bebe.com', '위드피아노 위례센터');

insert into mi_student values('hyoju@gyoju.devil', 'PMC 실용음악학원');
insert into mi_student values('namolppam@pocket.mon', 'PMC 실용음악학원');

insert into mi_student values('baby@boy.com', '브레인기타학원');
insert into mi_student values('ayo@man.ssup', '브레인기타학원');
